member_id,branch_no,gender,first_name,last_name,birthday,registration_date,approval_date,career,income,house_no,village_no,road,sub_area,district_area,province,postal_code
500001,3,นาย,ชัชวาล,เลิศพิทักษ์,1981-04-16,2006-03-19,2006-04-11,วิศวกรซอฟต์แวร์,78934,108/99,12,สุขุมวิท,เชิงเนิน,เมืองระยอง,ระยอง,21000
500002,4,นาย,อารีฟีน,ฐานวัฒน์,1992-09-16,2011-01-15,2011-02-08,ช่างภาพมืออาชีพ,210559,819/14,12,ดีบุก,ตลาดใหญ่,เมืองภูเก็ต,ภูเก็ต,83000
500003,4,นาง,ซาฟียะห์,สาระสิทธิ์,1965-06-17,2013-04-02,2013-04-17,นักบัญชีภาษี,209741,256/85,12,พัฒนาการ,สวนหลวง,สวนหลวง,กรุงเทพมหานคร,10310
500004,4,นาย,กนกวรรณ,กาญจนพงศ์,1980-09-16,2004-10-06,2004-10-17,ผู้จัดการโรงแรม,121277,556/53,6,ระแงะมรรคา,บางนาค,เมืองนราธิวาส,นราธิวาส,96000
500005,2,นางสาว,ศิริลักษณ์,ศานติธรรม,1983-12-13,2015-06-15,2015-06-22,เชฟอาหารฝรั่งเศส,170051,334/94,2,ศรีวิชัย,มะขามเตี้ย,เมืองสุราษฎร์ธานี,สุราษฎร์ธานี,84000
500006,4,นาง,จิรายุ,อิสลามดี,1972-12-26,2002-09-18,2002-10-15,ทนายความธุรกิจ,182192,631/22,2,สุรนารี,ในเมือง,เมืองนครราชสีมา,นครราชสีมา,30000
500007,4,นาง,อิบราเฮม,ยะโกะ,2002-07-07,2016-07-01,2016-07-31,กราฟิกดีไซน์เนอร์,168278,271/63,20,ดีบุก,ตลาดใหญ่,เมืองภูเก็ต,ภูเก็ต,83000
500008,5,นางสาว,ฟารีส,บารมีกุล,1967-04-23,2001-03-13,2001-04-06,ที่ปรึกษาการเงิน,194005,884/52,18,โชตนา,ช้างเผือก,เมืองเชียงใหม่,เชียงใหม่,50200
500009,3,นาง,อดิสร,อารีย์สกุล,1966-07-27,2010-05-23,2010-06-08,พยาบาลวิชาชีพ,118712,506/19,20,มิตรภาพ,ในเมือง,เมืองขอนแก่น,ขอนแก่น,40000
500010,3,นางสาว,ซูไพดี,ชัยชนะ,1995-04-28,2016-01-10,2016-01-17,แพทย์ศัลยกรรม,79643,242/97,10,เลียบชายหาด,หนองปรือ,บางละมุง,ชลบุรี,20150
500011,1,นางสาว,สมโภชน์,วิเศษสุวรรณ,1991-10-14,2012-01-06,2012-01-14,วิศวกรซอฟต์แวร์,107738,491/50,5,มิตรภาพ,ในเมือง,เมืองขอนแก่น,ขอนแก่น,40000
500012,5,นาย,พงศกร,อัครเดชา,2000-04-17,2024-05-10,2024-05-25,นักวิเคราะห์ข้อมูล,264024,551/26,14,พัฒนาการ,สวนหลวง,สวนหลวง,กรุงเทพมหานคร,10310
500013,1,นาง,ฮาซัน,พรมบุตร,1993-08-24,2018-05-22,2018-05-30,กราฟิกดีไซน์เนอร์,106787,365/50,10,ศรีนครินทร์,ปากน้ำ,เมืองสมุทรปราการ,สมุทรปราการ,10270
500014,1,นาย,รุ่งนภา,ดีเลิศ,1974-04-13,2015-01-24,2015-02-23,วิศวกรซอฟต์แวร์,32674,366/1,5,เลียบชายหาด,หนองปรือ,บางละมุง,ชลบุรี,20150
500015,4,นาย,มูฮัมหมัด,ลาเตะ,1967-08-20,2008-11-10,2008-12-02,อาจารย์มหาวิทยาลัย,105604,88/99,10,สตูลธานี,พิมาน,เมืองสตูล,สตูล,91000
500016,4,นางสาว,กฤติน,ทรงวุฒิ,1990-07-05,2011-03-14,2011-03-21,มัณฑนากร,33684,220/99,8,มิตรภาพ,ในเมือง,เมืองขอนแก่น,ขอนแก่น,40000
500017,2,นาง,นุรดิน,เอกอนันต์,1996-11-25,2024-04-02,2024-04-07,กราฟิกดีไซน์เนอร์,65815,20/86,10,เลียบชายหาด,หนองปรือ,บางละมุง,ชลบุรี,20150
500018,1,นาย,อิทธิพล,แสงสว่าง,1981-01-02,2002-06-09,2002-06-27,เจ้าของร้านคาเฟ่,74937,537/51,17,กาญจนวณิชย์,คอหงส์,หาดใหญ่,สงขลา,90110
500019,5,นางสาว,ชญานิศ,ดีเลิศ,1993-01-11,2008-02-21,2008-03-19,มัณฑนากร,117843,270/36,7,สตูลธานี,พิมาน,เมืองสตูล,สตูล,91000
500020,5,นางสาว,กมลเนตร,ยูโซะ,1979-05-15,2024-01-27,2024-02-05,เจ้าของฟาร์มออร์แกนิก,105106,736/6,2,ศรีวิชัย,มะขามเตี้ย,เมืองสุราษฎร์ธานี,สุราษฎร์ธานี,84000
500021,2,นาย,ฟารีดา,รุ่งเรืองกิจ,1996-06-08,2022-12-19,2023-01-15,นักบัญชีภาษี,214294,344/17,7,สุขุมวิท,คลองเตยเหนือ,วัฒนา,กรุงเทพมหานคร,10110
500022,1,นาง,ซาฟียะห์,หะยีสาและ,2001-03-16,2019-08-18,2019-08-22,นักการตลาดดิจิทัล,61950,603/21,5,เจริญประดิษฐ์,รูสะมิแล,เมืองปัตตานี,ปัตตานี,94000
500023,3,นาย,ธรรศ,นิมิตรมงคล,1986-01-06,2004-04-24,2004-04-26,วิศวกรซอฟต์แวร์,160690,250/33,4,ศรีนครินทร์,ปากน้ำ,เมืองสมุทรปราการ,สมุทรปราการ,10270
500024,5,นาย,ญาณิศา,ทรงวุฒิ,1981-04-08,2017-01-17,2017-02-09,ผู้จัดการโรงแรม,237401,42/41,19,โพศรี,หมากแข้ง,เมืองอุดรธานี,อุดรธานี,41000
500025,2,นาง,มาเรียม,พึ่งบุญ,1967-08-08,2015-11-08,2015-12-08,วิศวกรซอฟต์แวร์,230715,151/87,10,รัชดาภิเษก,สามเสนนอก,ห้วยขวาง,กรุงเทพมหานคร,10310
500026,5,นางสาว,อัสมา,ยูโซะ,2000-04-08,2008-12-18,2009-01-02,ครู,175001,418/16,18,ศรีวิชัย,มะขามเตี้ย,เมืองสุราษฎร์ธานี,สุราษฎร์ธานี,84000
500027,5,นางสาว,ขจรศักดิ์,สุวรรณดี,1991-08-03,2019-08-18,2019-09-02,ช่างภาพมืออาชีพ,68122,755/38,18,โชตนา,ช้างเผือก,เมืองเชียงใหม่,เชียงใหม่,50200
500028,5,นางสาว,อามีน,อิสลามดี,1994-02-17,2011-07-30,2011-08-16,เจ้าของฟาร์มออร์แกนิก,143840,423/26,9,สุรนารี,ในเมือง,เมืองนครราชสีมา,นครราชสีมา,30000
500029,1,นาย,เพียงขวัญ,ใจเมตตา,1967-11-19,2014-10-05,2014-10-06,นักการตลาดดิจิทัล,165610,574/85,5,ศรีนครินทร์,ปากน้ำ,เมืองสมุทรปราการ,สมุทรปราการ,10270
500030,2,นางสาว,รพีพงศ์,หะยีมาหะ,1974-04-01,2019-09-25,2019-09-27,แพทย์ศัลยกรรม,226008,447/10,15,แจ้งวัฒนะ,คลองเกลือ,ปากเกร็ด,นนทบุรี,11120
500031,4,นาย,นพรัตน์,กาญจนพงศ์,1969-06-12,2002-11-18,2002-11-27,แพทย์ศัลยกรรม,273049,615/1,2,สุรนารี,ในเมือง,เมืองนครราชสีมา,นครราชสีมา,30000
500032,4,นาย,กนกวรรณ,มหาดำรงค์,1981-09-28,2003-01-10,2003-01-12,ที่ปรึกษาการเงิน,85362,984/46,19,กาญจนวณิชย์,คอหงส์,หาดใหญ่,สงขลา,90110
500033,5,นาง,อามีร,นรินทร์เดช,1996-09-06,2022-02-14,2022-02-27,วิศวกรซอฟต์แวร์,77031,328/75,8,ศรีวิชัย,มะขามเตี้ย,เมืองสุราษฎร์ธานี,สุราษฎร์ธานี,84000
500034,4,นาง,ปิยะมาศ,อิทธิราษฎร์,2001-06-24,2005-01-20,2005-02-15,ครู,219824,14/22,12,เจริญประดิษฐ์,รูสะมิแล,เมืองปัตตานี,ปัตตานี,94000
500035,5,นาย,ไซนับ,ฉัตรวรดล,1973-12-06,2008-03-20,2008-03-24,เจ้าของร้านคาเฟ่,179111,722/18,19,สุรนารี,ในเมือง,เมืองนครราชสีมา,นครราชสีมา,30000
500036,3,นาย,ตระกูล,โต๊ะกู,1976-04-05,2004-01-03,2004-01-11,กราฟิกดีไซน์เนอร์,62814,14/70,19,โพศรี,หมากแข้ง,เมืองอุดรธานี,อุดรธานี,41000
500037,1,นาย,ขจรศักดิ์,วงษ์สุวรรณ,1975-11-20,2017-07-02,2017-07-20,อาจารย์มหาวิทยาลัย,219722,774/23,4,โชตนา,ช้างเผือก,เมืองเชียงใหม่,เชียงใหม่,50200
500038,5,นาง,เฉลิมพล,ปัญญาดี,2003-01-21,2022-04-26,2022-05-09,วิศวกรซอฟต์แวร์,115786,231/28,20,สิโรรส,สะเตง,เมืองยะลา,ยะลา,95000
500039,5,นางสาว,สุนิสา,รุ่งเรืองกิจ,1989-08-04,2000-05-25,2000-06-18,ยูทูบเบอร์,47259,678/72,16,สิงหวัฒน์,ในเมือง,เมืองพิษณุโลก,พิษณุโลก,65000
500040,4,นางสาว,จินตนา,รัตนวิจิตร,1989-02-05,2011-10-10,2011-11-06,ที่ปรึกษาการเงิน,134437,841/88,1,รัชดาภิเษก,สามเสนนอก,ห้วยขวาง,กรุงเทพมหานคร,10310
500041,1,นางสาว,ฟารีส,ดอเลาะ,1984-09-16,2002-07-26,2002-08-03,แพทย์ศัลยกรรม,57795,230/24,18,สิโรรส,สะเตง,เมืองยะลา,ยะลา,95000
500042,4,นาย,ภานุพงศ์,วรโชติ,2003-02-01,2024-10-04,2024-10-31,ครู,21677,103/95,14,ศรีนครินทร์,ปากน้ำ,เมืองสมุทรปราการ,สมุทรปราการ,10270
500043,2,นางสาว,อามีน,นิมิตรมงคล,1977-02-22,2000-07-04,2000-07-23,นักบัญชีภาษี,24995,724/94,15,ศรีนครินทร์,ปากน้ำ,เมืองสมุทรปราการ,สมุทรปราการ,10270
500044,5,นาย,ภานุพงศ์,วรานันท์,1996-05-16,2004-04-11,2004-04-14,มัณฑนากร,108066,110/20,19,ดีบุก,ตลาดใหญ่,เมืองภูเก็ต,ภูเก็ต,83000
500045,5,นาง,อนันตยา,อิสมาแอล,1980-01-03,2008-10-26,2008-11-09,เจ้าของร้านคาเฟ่,46735,647/58,11,มิตรภาพ,ในเมือง,เมืองขอนแก่น,ขอนแก่น,40000
500046,1,นาง,มูฮัมหมัด,มหาดำรงค์,1967-07-24,2015-01-12,2015-01-21,ครู,92425,525/77,17,สิงหวัฒน์,ในเมือง,เมืองพิษณุโลก,พิษณุโลก,65000
500047,2,นาย,ซูไบดะห์,พงษ์พาณิชย์,1983-04-15,2002-08-23,2002-09-18,นักลงทุนอสังหาฯ,75037,563/88,18,สุรนารี,ในเมือง,เมืองนครราชสีมา,นครราชสีมา,30000
500048,4,นางสาว,ซุลกิฟลี,ศุภโชค,1985-10-11,2009-12-06,2009-12-20,นักวิเคราะห์ข้อมูล,87386,798/95,4,สุขุมวิท,เชิงเนิน,เมืองระยอง,ระยอง,21000
500049,4,นาย,ซาฟียะห์,อุดมโชค,1978-02-28,2010-11-05,2010-12-03,เจ้าของร้านคาเฟ่,108291,998/49,10,โชตนา,ช้างเผือก,เมืองเชียงใหม่,เชียงใหม่,50200
500050,4,นาง,เมธา,เอกอนันต์,1979-06-27,2002-08-25,2002-09-04,นักลงทุนอสังหาฯ,54728,132/34,13,ศรีวิชัย,มะขามเตี้ย,เมืองสุราษฎร์ธานี,สุราษฎร์ธานี,84000
500051,2,นาย,อับดุลเลาะห์,บารมีกุล,1972-07-13,2006-02-19,2006-02-26,ที่ปรึกษาการเงิน,223190,196/19,7,สตูลธานี,พิมาน,เมืองสตูล,สตูล,91000
500052,3,นาย,ภานุพงศ์,บินซาเล็ม,2002-07-24,2022-08-08,2022-08-29,ยูทูบเบอร์,94418,585/98,14,สุขุมวิท,เชิงเนิน,เมืองระยอง,ระยอง,21000
500053,1,นาง,อนันตยา,บือราเฮง,1980-10-21,2011-01-20,2011-01-26,เจ้าของร้านคาเฟ่,199410,501/30,10,พัฒนาการ,สวนหลวง,สวนหลวง,กรุงเทพมหานคร,10310
500054,4,นาง,รุสดี,นรินทร์เดช,1991-01-13,2021-01-12,2021-02-09,นักลงทุนอสังหาฯ,116923,828/35,17,ดีบุก,ตลาดใหญ่,เมืองภูเก็ต,ภูเก็ต,83000
500055,1,นางสาว,อาหมัด,ศิริวัฒน์,1976-09-07,2008-12-15,2008-12-21,แพทย์ศัลยกรรม,107618,222/92,5,มิตรภาพ,ในเมือง,เมืองขอนแก่น,ขอนแก่น,40000
500056,5,นาง,วรเมธ,ปัญญาดี,1990-02-26,2018-03-10,2018-03-15,เจ้าของร้านคาเฟ่,86665,893/99,7,พัฒนาการ,สวนหลวง,สวนหลวง,กรุงเทพมหานคร,10310
500057,4,นางสาว,นุรฮายาตี,ยูโซะ,1974-09-08,2000-02-25,2000-03-07,นักวิจัยชีวภาพ,270134,682/99,5,สุขุมวิท,คลองเตยเหนือ,วัฒนา,กรุงเทพมหานคร,10110
500058,4,นาง,อุบลวรรณ,ใจเมตตา,1966-06-07,2022-02-03,2022-02-06,พยาบาลวิชาชีพ,70434,342/14,9,พัฒนาการ,สวนหลวง,สวนหลวง,กรุงเทพมหานคร,10310
500059,5,นางสาว,อัสมา,ศักดิ์ศรี,1995-07-10,2016-03-07,2016-03-16,นักวิจัยชีวภาพ,201696,647/44,8,ระแงะมรรคา,บางนาค,เมืองนราธิวาส,นราธิวาส,96000
500060,5,นางสาว,รอยฮาน,นิเซ็ง,1996-05-01,2025-11-01,2025-11-26,นักวิจัยชีวภาพ,179697,760/94,11,สุขุมวิท,เชิงเนิน,เมืองระยอง,ระยอง,21000
500061,3,นางสาว,วรวิทย์,มะยูโซะ,1994-03-19,2019-05-27,2019-06-18,พยาบาลวิชาชีพ,224961,588/44,13,แจ้งวัฒนะ,คลองเกลือ,ปากเกร็ด,นนทบุรี,11120
500062,3,นางสาว,จารุวัฒน์,พงษ์พาณิชย์,2003-02-27,2008-05-25,2008-05-27,นักลงทุนอสังหาฯ,154816,344/40,15,สุขุมวิท,คลองเตยเหนือ,วัฒนา,กรุงเทพมหานคร,10110
500063,1,นางสาว,ฮามีดะห์,สาระสิทธิ์,1982-12-12,2009-03-04,2009-03-23,ผู้จัดการโรงแรม,250574,180/89,7,รัชดาภิเษก,สามเสนนอก,ห้วยขวาง,กรุงเทพมหานคร,10310
500064,2,นาย,ดนัย,กาญจนพงศ์,1990-10-27,2007-07-20,2007-07-25,อาจารย์มหาวิทยาลัย,35158,891/10,11,สุขุมวิท,คลองเตยเหนือ,วัฒนา,กรุงเทพมหานคร,10110
500065,2,นาย,นุรดิน,เลิศพิทักษ์,1988-02-24,2011-06-04,2011-06-27,แพทย์ศัลยกรรม,250556,426/12,13,สุขุมวิท,เชิงเนิน,เมืองระยอง,ระยอง,21000
500066,4,นาย,ฮานาน,ปัญญาวงศ์,1969-03-26,2014-02-21,2014-03-16,วิศวกรซอฟต์แวร์,214343,847/12,13,ศรีวิชัย,มะขามเตี้ย,เมืองสุราษฎร์ธานี,สุราษฎร์ธานี,84000
500067,1,นาย,อรทัย,แสงเพชร,1983-05-26,2003-03-01,2003-03-15,อาจารย์มหาวิทยาลัย,75991,862/37,7,พัฒนาการ,สวนหลวง,สวนหลวง,กรุงเทพมหานคร,10310
500068,2,นาย,อามีร,บุญนำพา,1965-07-05,2017-06-14,2017-06-28,ที่ปรึกษาการเงิน,43577,192/17,4,สตูลธานี,พิมาน,เมืองสตูล,สตูล,91000
500069,5,นาง,รอกียะห์,จารุกล้า,1972-06-02,2003-07-07,2003-07-18,แพทย์ศัลยกรรม,49703,546/55,12,ศรีนครินทร์,ปากน้ำ,เมืองสมุทรปราการ,สมุทรปราการ,10270
500070,4,นางสาว,ไซนับ,ยูโซะ,2001-11-19,2007-06-15,2007-06-29,นักบัญชีภาษี,246769,638/97,7,ระแงะมรรคา,บางนาค,เมืองนราธิวาส,นราธิวาส,96000
500071,4,นางสาว,ศศิธร,ศานติธรรม,1975-06-12,2011-04-20,2011-05-15,วิศวกรซอฟต์แวร์,114117,330/62,4,รัชดาภิเษก,สามเสนนอก,ห้วยขวาง,กรุงเทพมหานคร,10310
500072,5,นางสาว,ชญานิศ,ดีเลิศ,1997-11-15,2020-05-16,2020-05-29,แพทย์ศัลยกรรม,56336,838/58,12,ดีบุก,ตลาดใหญ่,เมืองภูเก็ต,ภูเก็ต,83000
500073,2,นาง,พัทธนันท์,ปัญญาดี,1991-09-02,2022-05-03,2022-05-23,เจ้าของฟาร์มออร์แกนิก,45132,802/27,10,ดีบุก,ตลาดใหญ่,เมืองภูเก็ต,ภูเก็ต,83000
500074,4,นางสาว,ไตรภพ,ต่วนมูซอ,1979-04-13,2013-11-25,2013-12-05,นักวิเคราะห์ข้อมูล,93716,73/86,11,สิงหวัฒน์,ในเมือง,เมืองพิษณุโลก,พิษณุโลก,65000
500075,3,นางสาว,อามีน,โต๊ะกู,1994-05-14,2015-08-26,2015-09-13,กราฟิกดีไซน์เนอร์,226301,951/63,11,รัชดาภิเษก,สามเสนนอก,ห้วยขวาง,กรุงเทพมหานคร,10310
500076,1,นาง,รอยฮาน,ลาเตะ,1986-08-23,2010-03-06,2010-03-07,วิศวกรซอฟต์แวร์,198717,383/59,18,สตูลธานี,พิมาน,เมืองสตูล,สตูล,91000
500077,3,นาง,รพีพงศ์,ศักดิ์ศรี,1966-09-21,2023-12-01,2023-12-04,นักวิเคราะห์ข้อมูล,241076,978/69,15,กาญจนวณิชย์,คอหงส์,หาดใหญ่,สงขลา,90110
500078,3,นาย,มณีนุช,อิทธิราษฎร์,1997-07-14,2014-11-18,2014-11-21,เจ้าของฟาร์มออร์แกนิก,27183,176/31,8,ดีบุก,ตลาดใหญ่,เมืองภูเก็ต,ภูเก็ต,83000
500079,3,นางสาว,ยุทธนา,แสงสว่าง,1968-05-27,2005-11-15,2005-12-14,กราฟิกดีไซน์เนอร์,194614,126/14,11,กาญจนวณิชย์,คอหงส์,หาดใหญ่,สงขลา,90110
500080,4,นางสาว,รอกียะห์,เอื้ออารี,1970-03-18,2011-06-01,2011-06-02,เชฟอาหารฝรั่งเศส,61108,37/79,13,ศรีนครินทร์,ปากน้ำ,เมืองสมุทรปราการ,สมุทรปราการ,10270
500081,4,นางสาว,รณชัย,สิริถาวร,1968-11-27,2016-11-22,2016-12-05,ทนายความธุรกิจ,273286,278/87,11,กาญจนวณิชย์,คอหงส์,หาดใหญ่,สงขลา,90110
500082,2,นาย,วรเมธ,ศักดิ์ศรี,1973-02-01,2004-02-05,2004-02-07,ยูทูบเบอร์,261008,198/12,15,พัฒนาการ,สวนหลวง,สวนหลวง,กรุงเทพมหานคร,10310
500083,4,นาง,ปิยะมาศ,ปัญญาวงศ์,1973-06-24,2011-05-19,2011-06-05,อาจารย์มหาวิทยาลัย,228987,470/71,10,สุขุมวิท,เชิงเนิน,เมืองระยอง,ระยอง,21000
500084,5,นาย,ขจรศักดิ์,สุนทรชัย,1980-09-28,2017-03-02,2017-03-03,อาจารย์มหาวิทยาลัย,228282,876/84,4,มิตรภาพ,ในเมือง,เมืองขอนแก่น,ขอนแก่น,40000
500085,2,นาย,ยูซุฟ,ปูเต๊ะ,1971-04-26,2005-09-03,2005-09-23,นักลงทุนอสังหาฯ,253478,999/79,19,ศรีนครินทร์,ปากน้ำ,เมืองสมุทรปราการ,สมุทรปราการ,10270
500086,5,นางสาว,ซุลกิฟลี,ศรัทธาธรรม,2000-11-07,2016-01-27,2016-02-02,พยาบาลวิชาชีพ,51606,786/88,13,สุขุมวิท,เชิงเนิน,เมืองระยอง,ระยอง,21000
500087,5,นาย,กฤติน,แก้ววิจิตร,1967-03-17,2019-04-08,2019-04-13,นักการตลาดดิจิทัล,261878,218/80,15,ศรีวิชัย,มะขามเตี้ย,เมืองสุราษฎร์ธานี,สุราษฎร์ธานี,84000
500088,2,นาง,ชินวุฒิ,ศรีสะอาด,1975-06-11,2003-01-25,2003-02-03,นักบินพาณิชย์,169003,917/33,10,สิโรรส,สะเตง,เมืองยะลา,ยะลา,95000
500089,2,นาย,นาเดีย,ปัญญาวงศ์,1984-01-26,2022-08-09,2022-09-04,อาจารย์มหาวิทยาลัย,142192,25/46,11,พัฒนาการ,สวนหลวง,สวนหลวง,กรุงเทพมหานคร,10310
500090,4,นาย,เฉลิมพล,จารุกล้า,1982-12-24,2008-04-17,2008-04-26,แพทย์ศัลยกรรม,66919,790/30,8,สุขุมวิท,คลองเตยเหนือ,วัฒนา,กรุงเทพมหานคร,10110
500091,5,นาย,ฟารีส,แสงเพชร,1972-12-20,2022-08-15,2022-08-17,ผู้จัดการโรงแรม,150274,549/71,7,พัฒนาการ,สวนหลวง,สวนหลวง,กรุงเทพมหานคร,10310
500092,1,นาง,อรวรรณ,รุ่งเรืองกิจ,1999-11-04,2007-03-21,2007-04-06,นักลงทุนอสังหาฯ,267197,389/80,11,แจ้งวัฒนะ,คลองเกลือ,ปากเกร็ด,นนทบุรี,11120
500093,3,นางสาว,วรวิทย์,พรมบุตร,1989-02-21,2003-11-01,2003-11-13,ผู้จัดการโรงแรม,241616,781/50,15,แจ้งวัฒนะ,คลองเกลือ,ปากเกร็ด,นนทบุรี,11120
500094,4,นางสาว,อรวรรณ,อารีย์สกุล,1994-06-10,2023-12-30,2024-01-25,นักบินพาณิชย์,19596,745/20,20,โพศรี,หมากแข้ง,เมืองอุดรธานี,อุดรธานี,41000
500095,4,นาง,เอกลักษณ์,วิเศษสุวรรณ,1996-09-14,2005-01-14,2005-01-19,เชฟอาหารฝรั่งเศส,89547,417/96,20,อุปราช,ในเมือง,เมืองอุบลราชธานี,อุบลราชธานี,34000
500096,3,นาย,ฮานาน,มานะชัย,1976-09-18,2016-02-17,2016-03-05,นักการตลาดดิจิทัล,44764,23/83,10,สุขุมวิท,คลองเตยเหนือ,วัฒนา,กรุงเทพมหานคร,10110
500097,1,นางสาว,ปิยะมาศ,สว่างแจ้ง,1976-03-24,2008-04-12,2008-04-15,อาจารย์มหาวิทยาลัย,91459,776/25,1,พัฒนาการ,สวนหลวง,สวนหลวง,กรุงเทพมหานคร,10310
500098,1,นางสาว,เฉลิมพล,ดอเลาะ,1990-03-15,2003-05-18,2003-06-07,กราฟิกดีไซน์เนอร์,75971,120/28,6,เลียบชายหาด,หนองปรือ,บางละมุง,ชลบุรี,20150
500099,2,นาย,ณรงค์,ยูโซะ,1981-09-07,2017-04-26,2017-05-26,ที่ปรึกษาการเงิน,18926,606/78,20,รัชดาภิเษก,สามเสนนอก,ห้วยขวาง,กรุงเทพมหานคร,10310
500100,4,นางสาว,ณรงค์,เอื้ออารี,1993-01-20,2018-07-25,2018-08-13,ครู,114770,434/52,12,แจ้งวัฒนะ,คลองเกลือ,ปากเกร็ด,นนทบุรี,11120
500101,1,นางสาว,ชินวุฒิ,ชัยชนะ,1993-09-18,2025-01-21,2025-02-17,นักบัญชีภาษี,20326,611/55,3,อุปราช,ในเมือง,เมืองอุบลราชธานี,อุบลราชธานี,34000
500102,4,นางสาว,อามีน,หัตถกิจ,1984-01-03,2017-07-05,2017-07-08,เจ้าของร้านคาเฟ่,270561,571/66,11,พัฒนาการ,สวนหลวง,สวนหลวง,กรุงเทพมหานคร,10310
500103,2,นางสาว,ซัลมา,เอื้ออารี,1980-03-24,2013-10-10,2013-10-23,นักการตลาดดิจิทัล,205999,832/50,4,เจริญประดิษฐ์,รูสะมิแล,เมืองปัตตานี,ปัตตานี,94000
500104,1,นาง,ชญานิศ,เกรียงไกรกล้า,1989-03-03,2014-03-11,2014-03-25,กราฟิกดีไซน์เนอร์,106255,693/93,10,ระแงะมรรคา,บางนาค,เมืองนราธิวาส,นราธิวาส,96000
500105,1,นางสาว,ภัทรา,อุดมโชค,1978-03-12,2000-12-12,2000-12-16,วิศวกรซอฟต์แวร์,132225,24/2,10,ดีบุก,ตลาดใหญ่,เมืองภูเก็ต,ภูเก็ต,83000
500106,1,นาย,อนันตยา,สุริยา,1971-09-14,2006-08-18,2006-09-02,ยูทูบเบอร์,64832,25/62,18,สิงหวัฒน์,ในเมือง,เมืองพิษณุโลก,พิษณุโลก,65000
500107,3,นาย,นุรฮายาตี,วงษ์สุวรรณ,1984-08-23,2001-12-08,2001-12-29,นักบัญชีภาษี,190948,371/30,18,ดีบุก,ตลาดใหญ่,เมืองภูเก็ต,ภูเก็ต,83000
500108,1,นาย,ขจรศักดิ์,ฐานวัฒน์,1983-09-19,2005-03-07,2005-03-24,อาจารย์มหาวิทยาลัย,230188,292/4,3,มิตรภาพ,ในเมือง,เมืองขอนแก่น,ขอนแก่น,40000
500109,3,นางสาว,อามีน,อัครเดชา,1974-04-20,2002-05-24,2002-06-19,ช่างภาพมืออาชีพ,130043,21/37,13,รัชดาภิเษก,สามเสนนอก,ห้วยขวาง,กรุงเทพมหานคร,10310
500110,4,นางสาว,ปิยะมาศ,ทรงวุฒิ,1976-08-07,2021-10-14,2021-11-03,ทนายความธุรกิจ,255222,341/53,16,โพศรี,หมากแข้ง,เมืองอุดรธานี,อุดรธานี,41000
500111,2,นาย,จารุวัฒน์,ฐานวัฒน์,1996-05-25,2018-02-02,2018-02-03,นักบัญชีภาษี,149331,391/86,5,สุขุมวิท,คลองเตยเหนือ,วัฒนา,กรุงเทพมหานคร,10110
500112,3,นาย,ณิชา,ศานติธรรม,1998-01-11,2002-02-18,2002-03-04,นักวิเคราะห์ข้อมูล,62909,985/33,13,โพศรี,หมากแข้ง,เมืองอุดรธานี,อุดรธานี,41000
500113,4,นางสาว,พิมพิมล,เจ๊ะมะ,2000-09-16,2022-10-12,2022-10-28,นักวิจัยชีวภาพ,169488,625/23,6,แจ้งวัฒนะ,คลองเกลือ,ปากเกร็ด,นนทบุรี,11120
500114,1,นาง,อัสมา,จารุกล้า,2000-11-03,2009-05-30,2009-06-06,พยาบาลวิชาชีพ,256353,352/53,16,แจ้งวัฒนะ,คลองเกลือ,ปากเกร็ด,นนทบุรี,11120
500115,5,นางสาว,สุนิสา,สะมะแอ,1977-04-17,2014-10-20,2014-11-12,นักบินพาณิชย์,36342,217/87,9,อุปราช,ในเมือง,เมืองอุบลราชธานี,อุบลราชธานี,34000
500116,2,นาง,ซูไบดะห์,เลิศล้ำสกุล,1990-10-17,2009-10-13,2009-11-07,มัณฑนากร,63421,267/90,4,เจริญประดิษฐ์,รูสะมิแล,เมืองปัตตานี,ปัตตานี,94000
500117,1,นางสาว,ไฟซอล,โชติช่วง,1972-09-27,2003-04-24,2003-05-18,วิศวกรซอฟต์แวร์,236701,538/26,3,ดีบุก,ตลาดใหญ่,เมืองภูเก็ต,ภูเก็ต,83000
500118,1,นางสาว,อัสมา,อัครเดชา,2002-02-26,2019-09-20,2019-10-05,นักบัญชีภาษี,249055,207/89,2,สุขุมวิท,เชิงเนิน,เมืองระยอง,ระยอง,21000
500119,1,นาย,ศุภชัย,อิสลามดี,2003-08-20,2019-06-01,2019-06-14,เชฟอาหารฝรั่งเศส,264807,737/30,8,สิงหวัฒน์,ในเมือง,เมืองพิษณุโลก,พิษณุโลก,65000
500120,3,นาย,ธรรศ,ฐานวัฒน์,1984-10-01,2017-05-26,2017-05-29,ทนายความธุรกิจ,179126,543/30,6,รัชดาภิเษก,สามเสนนอก,ห้วยขวาง,กรุงเทพมหานคร,10310
500121,3,นาย,ชลธร,เลิศพิทักษ์,1989-02-07,2014-12-01,2014-12-11,เชฟอาหารฝรั่งเศส,167824,943/40,3,ดีบุก,ตลาดใหญ่,เมืองภูเก็ต,ภูเก็ต,83000
500122,5,นาย,นุรฮายาตี,แวหะมะ,2003-12-10,2001-04-02,2001-04-24,เจ้าของร้านคาเฟ่,28409,577/68,7,ระแงะมรรคา,บางนาค,เมืองนราธิวาส,นราธิวาส,96000
500123,3,นาย,นุรฮายาตี,สุริยา,1983-07-28,2003-02-25,2003-03-08,พยาบาลวิชาชีพ,216809,638/99,11,สิโรรส,สะเตง,เมืองยะลา,ยะลา,95000
500124,1,นาย,นุรฮายาตี,เลิศพิทักษ์,1991-07-13,2000-09-16,2000-09-19,ผู้จัดการโรงแรม,178360,806/98,13,ระแงะมรรคา,บางนาค,เมืองนราธิวาส,นราธิวาส,96000
500125,2,นาง,ซูไพดี,อรุณมงคล,1994-03-18,2011-09-08,2011-09-17,ยูทูบเบอร์,240514,471/78,1,กาญจนวณิชย์,คอหงส์,หาดใหญ่,สงขลา,90110
500126,1,นางสาว,รุ่งนภา,พึ่งบุญ,1986-10-20,2021-12-06,2021-12-30,นักวิจัยชีวภาพ,265707,580/85,2,สิงหวัฒน์,ในเมือง,เมืองพิษณุโลก,พิษณุโลก,65000
500127,3,นาง,จิรายุ,หะยีดาโอ๊ะ,1988-02-24,2009-10-28,2009-11-25,วิศวกรซอฟต์แวร์,242724,192/45,1,แจ้งวัฒนะ,คลองเกลือ,ปากเกร็ด,นนทบุรี,11120
500128,1,นาง,เบญจมาศ,สมบูรณ์ทรัพย์,1968-01-22,2013-04-05,2013-04-15,แพทย์ศัลยกรรม,215598,627/94,14,โชตนา,ช้างเผือก,เมืองเชียงใหม่,เชียงใหม่,50200
500129,3,นาย,ฟารีดา,ทิพยโชติ,1968-08-22,2003-09-30,2003-10-26,ครู,19775,945/10,19,สุรนารี,ในเมือง,เมืองนครราชสีมา,นครราชสีมา,30000
500130,2,นาง,อานีซา,ทิพยโชติ,1989-01-07,2006-05-13,2006-05-28,เจ้าของร้านคาเฟ่,260884,927/98,3,สิโรรส,สะเตง,เมืองยะลา,ยะลา,95000
500131,5,นาย,พิมพิมล,เจ๊ะมะ,1982-04-02,2025-07-20,2025-08-09,ผู้จัดการโรงแรม,53307,563/75,13,ระแงะมรรคา,บางนาค,เมืองนราธิวาส,นราธิวาส,96000
500132,5,นางสาว,ปวริศ,สมบูรณ์ทรัพย์,1978-03-09,2025-10-29,2025-11-25,ที่ปรึกษาการเงิน,121467,140/94,20,สุขุมวิท,เชิงเนิน,เมืองระยอง,ระยอง,21000
500133,5,นาย,ยูซุฟ,แก้ววิจิตร,1979-12-22,2008-09-07,2008-09-26,นักวิเคราะห์ข้อมูล,110768,698/20,15,สตูลธานี,พิมาน,เมืองสตูล,สตูล,91000
500134,4,นาง,นพรัตน์,ฐานวัฒน์,1966-10-02,2009-11-19,2009-11-20,ยูทูบเบอร์,187784,215/96,20,มิตรภาพ,ในเมือง,เมืองขอนแก่น,ขอนแก่น,40000
500135,1,นาย,นุรฮายาตี,แสงสว่าง,1979-08-21,2004-11-24,2004-12-17,นักบินพาณิชย์,178500,962/78,16,สิโรรส,สะเตง,เมืองยะลา,ยะลา,95000
500136,2,นางสาว,ซาฟียะห์,ธรรมโชติ,1968-05-15,2014-02-16,2014-03-06,นักบัญชีภาษี,96112,986/56,17,มิตรภาพ,ในเมือง,เมืองขอนแก่น,ขอนแก่น,40000
500137,4,นาง,ชัชวาล,ใจเมตตา,1984-09-15,2021-07-04,2021-07-16,แพทย์ศัลยกรรม,114665,156/76,16,กาญจนวณิชย์,คอหงส์,หาดใหญ่,สงขลา,90110
500138,3,นางสาว,ไซฟูดีน,สาและ,1981-10-18,2009-11-10,2009-11-25,แพทย์ศัลยกรรม,167666,706/6,12,โพศรี,หมากแข้ง,เมืองอุดรธานี,อุดรธานี,41000
500139,2,นาง,พิมพิมล,วิเศษสุวรรณ,1999-10-27,2001-10-13,2001-11-04,นักวิจัยชีวภาพ,216926,644/57,14,แจ้งวัฒนะ,คลองเกลือ,ปากเกร็ด,นนทบุรี,11120
500140,5,นางสาว,ตระกูล,เอกอนันต์,1984-09-20,2001-06-26,2001-07-16,เจ้าของฟาร์มออร์แกนิก,96141,717/20,11,ดีบุก,ตลาดใหญ่,เมืองภูเก็ต,ภูเก็ต,83000
500141,4,นางสาว,ศศิธร,สมบูรณ์ทรัพย์,1969-04-12,2017-09-02,2017-09-15,ที่ปรึกษาการเงิน,239929,819/84,17,สตูลธานี,พิมาน,เมืองสตูล,สตูล,91000
500142,3,นาย,อานีซา,วิเศษสุวรรณ,2003-04-16,2024-08-26,2024-09-14,เชฟอาหารฝรั่งเศส,256420,160/34,12,สิงหวัฒน์,ในเมือง,เมืองพิษณุโลก,พิษณุโลก,65000
500143,4,นาย,ไฟซอล,สาระสิทธิ์,1983-02-15,2016-02-11,2016-02-15,กราฟิกดีไซน์เนอร์,208658,349/28,20,รัชดาภิเษก,สามเสนนอก,ห้วยขวาง,กรุงเทพมหานคร,10310
500144,1,นาย,ซูไบดะห์,ศักดิ์ศรี,1986-11-04,2004-11-16,2004-11-18,แพทย์ศัลยกรรม,261997,352/5,15,โชตนา,ช้างเผือก,เมืองเชียงใหม่,เชียงใหม่,50200
500145,1,นาย,สุภาภรณ์,มั่นคงบริบูรณ์,1970-08-13,2018-06-30,2018-07-13,อาจารย์มหาวิทยาลัย,159468,908/64,1,ศรีนครินทร์,ปากน้ำ,เมืองสมุทรปราการ,สมุทรปราการ,10270
500146,4,นางสาว,ฟารีส,กาญจนพงศ์,1971-08-16,2023-03-05,2023-04-01,อาจารย์มหาวิทยาลัย,232050,99/26,13,สุรนารี,ในเมือง,เมืองนครราชสีมา,นครราชสีมา,30000
500147,3,นาง,อิบราเฮม,กูโน,2000-09-08,2010-04-25,2010-04-28,เชฟอาหารฝรั่งเศส,174294,56/57,7,สิงหวัฒน์,ในเมือง,เมืองพิษณุโลก,พิษณุโลก,65000
500148,5,นางสาว,นพรัตน์,บุญนำพา,1986-10-28,2011-11-28,2011-12-24,กราฟิกดีไซน์เนอร์,185772,307/46,16,สตูลธานี,พิมาน,เมืองสตูล,สตูล,91000
500149,4,นางสาว,รุ่งนภา,ดีเลิศ,1993-09-11,2006-02-05,2006-03-05,เจ้าของฟาร์มออร์แกนิก,81392,789/30,6,สุขุมวิท,คลองเตยเหนือ,วัฒนา,กรุงเทพมหานคร,10110
500150,3,นาย,อัมพิกา,หะยีดาโอ๊ะ,2003-06-26,2011-01-23,2011-02-06,ที่ปรึกษาการเงิน,230432,482/93,13,ดีบุก,ตลาดใหญ่,เมืองภูเก็ต,ภูเก็ต,83000
500151,5,นางสาว,อัมพิกา,มหาดำรงค์,1975-04-01,2003-02-28,2003-03-03,นักวิจัยชีวภาพ,158379,840/99,18,สุขุมวิท,เชิงเนิน,เมืองระยอง,ระยอง,21000
500152,4,นาย,ปัทมา,เลิศพิทักษ์,1987-12-18,2024-03-07,2024-03-24,นักลงทุนอสังหาฯ,191631,541/4,15,มิตรภาพ,ในเมือง,เมืองขอนแก่น,ขอนแก่น,40000
500153,2,นาย,อดิสร,ต่วนมูซอ,1984-01-02,2021-07-13,2021-08-10,เจ้าของฟาร์มออร์แกนิก,161482,321/40,2,สุขุมวิท,เชิงเนิน,เมืองระยอง,ระยอง,21000
500154,3,นาย,ปิยะมาศ,ปูเต๊ะ,1966-08-18,2022-02-26,2022-03-24,ช่างภาพมืออาชีพ,81567,629/80,14,สุรนารี,ในเมือง,เมืองนครราชสีมา,นครราชสีมา,30000
500155,2,นาง,รอยฮาน,บินซาเล็ม,1967-05-25,2009-09-24,2009-10-18,นักบัญชีภาษี,155698,376/68,15,สุขุมวิท,เชิงเนิน,เมืองระยอง,ระยอง,21000
500156,1,นาย,ซูไบดะห์,อิสลามดี,1998-12-27,2020-07-21,2020-07-27,นักวิจัยชีวภาพ,259679,717/54,5,กาญจนวณิชย์,คอหงส์,หาดใหญ่,สงขลา,90110
500157,3,นางสาว,อัสมา,ใจเมตตา,1984-10-15,2014-12-08,2014-12-19,มัณฑนากร,177312,808/70,20,ศรีนครินทร์,ปากน้ำ,เมืองสมุทรปราการ,สมุทรปราการ,10270
500158,5,นางสาว,ดวงใจ,เอกอนันต์,1976-10-03,2022-09-13,2022-10-11,อาจารย์มหาวิทยาลัย,184358,488/41,20,มิตรภาพ,ในเมือง,เมืองขอนแก่น,ขอนแก่น,40000
500159,4,นางสาว,กมลเนตร,กาญจนพงศ์,1976-06-19,2011-11-18,2011-12-12,เจ้าของฟาร์มออร์แกนิก,83526,191/62,8,มิตรภาพ,ในเมือง,เมืองขอนแก่น,ขอนแก่น,40000
500160,4,นาง,ปวริศ,สาระสิทธิ์,1992-10-17,2019-10-01,2019-10-09,กราฟิกดีไซน์เนอร์,138116,440/59,20,เลียบชายหาด,หนองปรือ,บางละมุง,ชลบุรี,20150
500161,5,นาย,สุนิสา,วรานันท์,1995-12-20,2010-04-19,2010-04-25,นักวิจัยชีวภาพ,251666,863/86,7,สิโรรส,สะเตง,เมืองยะลา,ยะลา,95000
500162,3,นาย,กนกวรรณ,กาญจนพงศ์,1992-10-20,2015-01-20,2015-02-19,พยาบาลวิชาชีพ,276333,265/26,13,โพศรี,หมากแข้ง,เมืองอุดรธานี,อุดรธานี,41000
500163,5,นาย,ศศิธร,ต่วนมูซอ,1974-07-12,2008-03-03,2008-03-19,นักลงทุนอสังหาฯ,128999,558/91,13,แจ้งวัฒนะ,คลองเกลือ,ปากเกร็ด,นนทบุรี,11120
500164,3,นางสาว,อามีน,นรินทร์เดช,1968-02-20,2008-06-20,2008-07-04,นักลงทุนอสังหาฯ,102913,538/41,9,สตูลธานี,พิมาน,เมืองสตูล,สตูล,91000
500165,1,นางสาว,ยุทธนา,ดามัน,1981-07-16,2014-02-27,2014-03-27,ผู้จัดการโรงแรม,248363,664/53,16,เจริญประดิษฐ์,รูสะมิแล,เมืองปัตตานี,ปัตตานี,94000
500166,1,นาง,มณีนุช,พรมบุตร,1965-01-19,2015-10-12,2015-10-21,เจ้าของร้านคาเฟ่,195032,620/60,3,ศรีนครินทร์,ปากน้ำ,เมืองสมุทรปราการ,สมุทรปราการ,10270
500167,4,นาย,ภานุพงศ์,โต๊ะกู,1970-03-27,2009-10-29,2009-11-04,กราฟิกดีไซน์เนอร์,50948,709/58,2,แจ้งวัฒนะ,คลองเกลือ,ปากเกร็ด,นนทบุรี,11120
500168,4,นาย,นุรดิน,โสภณรัตน์,2001-12-17,2002-12-02,2002-12-19,ครู,129555,709/36,8,แจ้งวัฒนะ,คลองเกลือ,ปากเกร็ด,นนทบุรี,11120
500169,1,นางสาว,ตระกูล,โต๊ะกู,1972-09-23,2009-12-29,2010-01-07,ยูทูบเบอร์,61010,933/20,1,โพศรี,หมากแข้ง,เมืองอุดรธานี,อุดรธานี,41000
500170,4,นาง,อามีนะห์,ศรัทธาธรรม,2001-07-13,2009-08-30,2009-09-15,เจ้าของฟาร์มออร์แกนิก,167039,91/66,6,กาญจนวณิชย์,คอหงส์,หาดใหญ่,สงขลา,90110
500171,3,นาง,อารีฟีน,ดอเลาะ,1981-05-27,2011-04-25,2011-04-27,พยาบาลวิชาชีพ,261410,599/81,10,กาญจนวณิชย์,คอหงส์,หาดใหญ่,สงขลา,90110
500172,2,นาย,ไฟซอล,ดีเลิศ,1968-01-16,2000-05-23,2000-06-14,นักการตลาดดิจิทัล,44817,258/56,9,สิงหวัฒน์,ในเมือง,เมืองพิษณุโลก,พิษณุโลก,65000
500173,2,นางสาว,มารูวัน,ศานติธรรม,1979-04-24,2017-08-01,2017-08-05,ผู้จัดการโรงแรม,279537,444/27,8,พัฒนาการ,สวนหลวง,สวนหลวง,กรุงเทพมหานคร,10310
500174,2,นางสาว,อารีฟีน,งามวิไล,1992-04-26,2011-12-10,2011-12-21,ที่ปรึกษาการเงิน,46609,154/43,17,ดีบุก,ตลาดใหญ่,เมืองภูเก็ต,ภูเก็ต,83000
500175,3,นางสาว,ศศิธร,จารุกล้า,1992-06-03,2016-10-03,2016-10-22,เจ้าของร้านคาเฟ่,105713,115/40,20,สุรนารี,ในเมือง,เมืองนครราชสีมา,นครราชสีมา,30000
500176,5,นาง,ญาณิศา,เลิศพิทักษ์,1984-06-16,2015-10-07,2015-10-10,นักบินพาณิชย์,216977,260/58,16,โชตนา,ช้างเผือก,เมืองเชียงใหม่,เชียงใหม่,50200
500177,3,นางสาว,อัสมา,พรมบุตร,1997-04-14,2005-01-24,2005-02-21,นักบัญชีภาษี,210361,219/34,11,สุขุมวิท,เชิงเนิน,เมืองระยอง,ระยอง,21000
500178,3,นางสาว,นูรียะห์,สว่างแจ้ง,1983-06-26,2005-04-02,2005-04-20,อาจารย์มหาวิทยาลัย,33322,984/59,4,เจริญประดิษฐ์,รูสะมิแล,เมืองปัตตานี,ปัตตานี,94000
500179,5,นางสาว,ไตรภพ,อัครเดชา,1977-05-04,2019-10-23,2019-11-07,เจ้าของฟาร์มออร์แกนิก,89173,363/13,14,โพศรี,หมากแข้ง,เมืองอุดรธานี,อุดรธานี,41000
500180,2,นาย,จินตนา,งามวิไล,1975-04-28,2021-01-26,2021-02-08,มัณฑนากร,71029,705/66,11,สุขุมวิท,เชิงเนิน,เมืองระยอง,ระยอง,21000
500181,3,นางสาว,มูฮัมหมัด,นิมิตรมงคล,1978-08-26,2002-08-29,2002-09-23,เจ้าของร้านคาเฟ่,122488,780/50,15,โชตนา,ช้างเผือก,เมืองเชียงใหม่,เชียงใหม่,50200
500182,3,นาย,กฤติน,พงษ์พาณิชย์,1989-01-16,2006-01-03,2006-01-22,อาจารย์มหาวิทยาลัย,245175,626/25,7,กาญจนวณิชย์,คอหงส์,หาดใหญ่,สงขลา,90110
500183,5,นาง,กฤติน,ทิพยโชติ,1982-12-07,2016-11-14,2016-11-22,เจ้าของร้านคาเฟ่,119764,488/9,19,เลียบชายหาด,หนองปรือ,บางละมุง,ชลบุรี,20150
500184,1,นาย,ณิชา,ใจเมตตา,2003-06-21,2024-04-02,2024-05-01,มัณฑนากร,161525,874/10,9,เลียบชายหาด,หนองปรือ,บางละมุง,ชลบุรี,20150
500185,1,นาง,มาเรียม,อรุณมงคล,1980-04-13,2022-10-29,2022-11-16,เชฟอาหารฝรั่งเศส,153314,311/37,19,กาญจนวณิชย์,คอหงส์,หาดใหญ่,สงขลา,90110
500186,3,นาย,เพียงขวัญ,อารีย์สกุล,1987-09-22,2006-04-02,2006-04-03,กราฟิกดีไซน์เนอร์,259748,375/43,12,โพศรี,หมากแข้ง,เมืองอุดรธานี,อุดรธานี,41000
500187,1,นาง,กมลฉัตร,อัศวปรีชา,1968-05-05,2011-10-14,2011-10-22,ยูทูบเบอร์,49208,215/50,5,อุปราช,ในเมือง,เมืองอุบลราชธานี,อุบลราชธานี,34000
500188,4,นาง,พรนภา,อนันตศิลป์,1972-11-23,2011-02-16,2011-03-11,พยาบาลวิชาชีพ,84258,544/99,13,กาญจนวณิชย์,คอหงส์,หาดใหญ่,สงขลา,90110
500189,5,นาง,ไซนับ,กูโน,1987-07-14,2017-06-14,2017-06-30,เจ้าของร้านคาเฟ่,77626,336/82,13,มิตรภาพ,ในเมือง,เมืองขอนแก่น,ขอนแก่น,40000
500190,1,นางสาว,พัทธนันท์,ศุภโชค,1973-02-19,2023-07-27,2023-08-10,วิศวกรซอฟต์แวร์,190724,398/43,12,สุขุมวิท,เชิงเนิน,เมืองระยอง,ระยอง,21000
500191,4,นาง,วรเมธ,ยิ่งคุณากร,1981-08-23,2006-08-04,2006-08-12,พยาบาลวิชาชีพ,198978,989/26,5,กาญจนวณิชย์,คอหงส์,หาดใหญ่,สงขลา,90110
500192,4,นางสาว,นุรดิน,วรโชติ,1985-05-26,2018-04-14,2018-05-12,ยูทูบเบอร์,86543,43/96,2,ศรีนครินทร์,ปากน้ำ,เมืองสมุทรปราการ,สมุทรปราการ,10270
500193,5,นางสาว,อดิสร,เอกอนันต์,1976-07-09,2005-10-13,2005-10-25,นักลงทุนอสังหาฯ,236856,436/53,14,โพศรี,หมากแข้ง,เมืองอุดรธานี,อุดรธานี,41000
500194,3,นาย,ไซนับ,นิเดร์,1974-01-04,2025-03-11,2025-04-03,นักลงทุนอสังหาฯ,109441,233/19,12,สุขุมวิท,คลองเตยเหนือ,วัฒนา,กรุงเทพมหานคร,10110
500195,4,นางสาว,ศศิธร,วรทัศน์,2003-12-05,2006-07-12,2006-07-19,นักบัญชีภาษี,164097,874/96,4,สตูลธานี,พิมาน,เมืองสตูล,สตูล,91000
500196,3,นาง,อิทธิพล,ฐานวัฒน์,1979-03-08,2023-01-20,2023-02-02,นักวิเคราะห์ข้อมูล,189820,950/46,3,สิโรรส,สะเตง,เมืองยะลา,ยะลา,95000
500197,1,นาง,ดวงใจ,แก้ววิจิตร,1967-07-07,2019-07-04,2019-07-28,ผู้จัดการโรงแรม,203611,437/20,12,มิตรภาพ,ในเมือง,เมืองขอนแก่น,ขอนแก่น,40000
500198,2,นาง,ศิริลักษณ์,วิชิตพงศ์,1992-07-15,2003-09-14,2003-09-23,ผู้จัดการโรงแรม,112793,319/7,4,สุขุมวิท,คลองเตยเหนือ,วัฒนา,กรุงเทพมหานคร,10110
500199,3,นาย,มณีนุช,เลิศลักษณา,1987-08-04,2017-03-08,2017-03-14,อาจารย์มหาวิทยาลัย,62245,343/74,6,สุรนารี,ในเมือง,เมืองนครราชสีมา,นครราชสีมา,30000
500200,5,นาง,พิชญะ,เลิศลักษณา,1995-07-17,2020-03-26,2020-03-28,พยาบาลวิชาชีพ,274264,991/5,4,สุขุมวิท,คลองเตยเหนือ,วัฒนา,กรุงเทพมหานคร,10110
500201,4,นาง,สุนิสา,ศุภโชค,1991-01-06,2010-04-30,2010-05-05,ช่างภาพมืออาชีพ,241403,107/52,2,ระแงะมรรคา,บางนาค,เมืองนราธิวาส,นราธิวาส,96000
500202,5,นาย,ภานุพงศ์,เลิศล้ำสกุล,1989-06-26,2002-01-30,2002-02-19,เจ้าของร้านคาเฟ่,76442,48/10,13,มิตรภาพ,ในเมือง,เมืองขอนแก่น,ขอนแก่น,40000
500203,3,นาง,สุภาภรณ์,นิมิตรมงคล,1975-05-13,2018-11-09,2018-11-21,พยาบาลวิชาชีพ,28486,731/30,12,กาญจนวณิชย์,คอหงส์,หาดใหญ่,สงขลา,90110
500204,3,นาง,อิทธิพล,ศุภโชค,1985-03-23,2000-05-28,2000-06-19,นักบัญชีภาษี,91503,185/40,12,สตูลธานี,พิมาน,เมืองสตูล,สตูล,91000
500205,1,นางสาว,ยุทธนา,แสงสว่าง,1967-03-23,2007-04-04,2007-05-02,เจ้าของฟาร์มออร์แกนิก,196419,548/39,14,สุรนารี,ในเมือง,เมืองนครราชสีมา,นครราชสีมา,30000
500206,4,นาย,เจตน์,โต๊ะกู,2000-08-20,2021-11-22,2021-12-03,นักบัญชีภาษี,87637,12/7,13,สตูลธานี,พิมาน,เมืองสตูล,สตูล,91000
500207,3,นาย,เมธา,ศานติธรรม,1982-11-05,2015-09-29,2015-10-06,พยาบาลวิชาชีพ,260580,411/91,15,แจ้งวัฒนะ,คลองเกลือ,ปากเกร็ด,นนทบุรี,11120
500208,5,นางสาว,เบญจมาศ,ธรรมโชติ,1973-02-23,2017-02-07,2017-02-13,ช่างภาพมืออาชีพ,245368,444/58,3,แจ้งวัฒนะ,คลองเกลือ,ปากเกร็ด,นนทบุรี,11120
500209,2,นาย,พิชญะ,รัตนวิจิตร,2003-03-27,2023-04-18,2023-05-13,พยาบาลวิชาชีพ,202241,790/57,7,สุขุมวิท,เชิงเนิน,เมืองระยอง,ระยอง,21000
500210,5,นาง,รุสดี,สุริยา,1981-02-14,2010-12-20,2010-12-22,เชฟอาหารฝรั่งเศส,123892,650/22,16,สิโรรส,สะเตง,เมืองยะลา,ยะลา,95000
500211,1,นาง,อามีร,วรานันท์,1971-01-14,2007-12-18,2008-01-13,ครู,226852,783/96,4,ศรีวิชัย,มะขามเตี้ย,เมืองสุราษฎร์ธานี,สุราษฎร์ธานี,84000
500212,4,นางสาว,เพียงขวัญ,งามวิไล,1972-01-19,2015-04-01,2015-04-13,วิศวกรซอฟต์แวร์,77956,988/8,18,สิโรรส,สะเตง,เมืองยะลา,ยะลา,95000
500213,4,นางสาว,ชินวุฒิ,สมบูรณ์ทรัพย์,1971-11-06,2023-05-20,2023-05-22,ผู้จัดการโรงแรม,143126,150/97,15,ศรีวิชัย,มะขามเตี้ย,เมืองสุราษฎร์ธานี,สุราษฎร์ธานี,84000
500214,1,นาย,ณรงค์,ทรงวุฒิ,2003-10-14,2017-04-12,2017-04-14,ทนายความธุรกิจ,97936,51/68,3,แจ้งวัฒนะ,คลองเกลือ,ปากเกร็ด,นนทบุรี,11120
500215,3,นาย,ภานุพงศ์,สุวรรณดี,1996-10-01,2012-07-13,2012-08-01,ยูทูบเบอร์,215060,735/86,13,โพศรี,หมากแข้ง,เมืองอุดรธานี,อุดรธานี,41000
500216,2,นางสาว,อารีฟีน,มหาดำรงค์,1978-04-26,2006-12-02,2006-12-11,เจ้าของฟาร์มออร์แกนิก,269764,300/10,14,สตูลธานี,พิมาน,เมืองสตูล,สตูล,91000
500217,2,นางสาว,จินตนา,ปัญญาดี,2001-06-20,2020-03-31,2020-04-11,วิศวกรซอฟต์แวร์,249203,528/58,20,สุขุมวิท,เชิงเนิน,เมืองระยอง,ระยอง,21000
500218,4,นาย,ไซฟูดีน,ยะโกะ,1994-07-17,2014-09-03,2014-10-01,เจ้าของฟาร์มออร์แกนิก,241768,112/23,19,มิตรภาพ,ในเมือง,เมืองขอนแก่น,ขอนแก่น,40000
500219,3,นางสาว,ปวริศ,ดอเลาะ,1965-05-03,2022-09-01,2022-09-21,นักวิจัยชีวภาพ,205161,898/51,18,เลียบชายหาด,หนองปรือ,บางละมุง,ชลบุรี,20150
500220,1,นาง,เบญจมาศ,ปัญญาดี,1971-11-25,2007-06-04,2007-06-13,กราฟิกดีไซน์เนอร์,260146,373/46,12,มิตรภาพ,ในเมือง,เมืองขอนแก่น,ขอนแก่น,40000
500221,3,นางสาว,กมลฉัตร,ศุภโชค,1973-06-08,2021-03-28,2021-04-06,มัณฑนากร,50743,467/52,12,สตูลธานี,พิมาน,เมืองสตูล,สตูล,91000
500222,1,นาย,นุรฮายาตี,เอกอนันต์,1975-07-21,2013-04-05,2013-04-22,ที่ปรึกษาการเงิน,226331,80/85,17,มิตรภาพ,ในเมือง,เมืองขอนแก่น,ขอนแก่น,40000
500223,5,นาย,มูฮัมหมัด,รัตนวิจิตร,2001-08-08,2012-08-31,2012-09-27,แพทย์ศัลยกรรม,189516,34/82,5,แจ้งวัฒนะ,คลองเกลือ,ปากเกร็ด,นนทบุรี,11120
500224,4,นางสาว,รพีพงศ์,ต่วนมูซอ,1994-12-15,2022-12-14,2022-12-24,นักบัญชีภาษี,79267,832/46,16,สิโรรส,สะเตง,เมืองยะลา,ยะลา,95000
500225,5,นางสาว,รณชัย,โสภณรัตน์,1985-03-07,2003-12-15,2003-12-19,ทนายความธุรกิจ,183124,295/49,10,เลียบชายหาด,หนองปรือ,บางละมุง,ชลบุรี,20150
500226,2,นาย,ตระกูล,ทรงวุฒิ,1993-02-10,2017-04-03,2017-04-17,ทนายความธุรกิจ,184239,932/4,12,ศรีวิชัย,มะขามเตี้ย,เมืองสุราษฎร์ธานี,สุราษฎร์ธานี,84000
500227,1,นาย,มูฮัมหมัด,อุดมโชค,1971-04-07,2001-12-23,2002-01-11,ครู,183744,27/39,18,เลียบชายหาด,หนองปรือ,บางละมุง,ชลบุรี,20150
500228,2,นางสาว,ชินวุฒิ,ศานติธรรม,1965-04-25,2017-08-03,2017-08-08,นักลงทุนอสังหาฯ,233065,318/51,19,ระแงะมรรคา,บางนาค,เมืองนราธิวาส,นราธิวาส,96000
500229,2,นางสาว,ณิชา,แสงสว่าง,1998-03-14,2004-04-24,2004-05-05,วิศวกรซอฟต์แวร์,261046,962/67,10,เจริญประดิษฐ์,รูสะมิแล,เมืองปัตตานี,ปัตตานี,94000
500230,1,นางสาว,ปัทมา,พึ่งบุญ,1999-02-25,2002-02-12,2002-02-16,เจ้าของฟาร์มออร์แกนิก,100320,789/98,18,สุรนารี,ในเมือง,เมืองนครราชสีมา,นครราชสีมา,30000
500231,2,นาย,ภัทรา,นิเซ็ง,1970-06-03,2019-06-14,2019-07-13,อาจารย์มหาวิทยาลัย,208961,363/8,17,ศรีวิชัย,มะขามเตี้ย,เมืองสุราษฎร์ธานี,สุราษฎร์ธานี,84000
500232,4,นางสาว,ฐิติพงศ์,ทรงวุฒิ,1991-10-05,2011-10-21,2011-10-26,ช่างภาพมืออาชีพ,148308,768/2,4,สตูลธานี,พิมาน,เมืองสตูล,สตูล,91000
500233,1,นาย,สุภาภรณ์,สุวรรณดี,1970-11-23,2004-10-31,2004-11-25,ที่ปรึกษาการเงิน,134611,9/76,13,พัฒนาการ,สวนหลวง,สวนหลวง,กรุงเทพมหานคร,10310
500234,3,นาย,กมลฉัตร,ศิริวัฒน์,1984-03-04,2021-12-26,2022-01-17,ทนายความธุรกิจ,158993,398/6,11,โชตนา,ช้างเผือก,เมืองเชียงใหม่,เชียงใหม่,50200
500235,1,นาย,กัญญาวีร์,บุญนำพา,1990-01-16,2008-08-24,2008-09-20,ครู,207083,984/99,13,โชตนา,ช้างเผือก,เมืองเชียงใหม่,เชียงใหม่,50200
500236,1,นางสาว,ฐิติพงศ์,แสงสว่าง,1985-04-22,2006-08-20,2006-09-16,ยูทูบเบอร์,238920,815/64,5,แจ้งวัฒนะ,คลองเกลือ,ปากเกร็ด,นนทบุรี,11120
500237,3,นาย,กฤติน,ปัญญาวงศ์,1997-03-25,2013-01-12,2013-02-10,นักบัญชีภาษี,198394,998/75,8,ศรีนครินทร์,ปากน้ำ,เมืองสมุทรปราการ,สมุทรปราการ,10270
500238,5,นาย,อิทธิพล,วงษ์สุวรรณ,1992-05-08,2008-08-24,2008-09-17,นักบัญชีภาษี,64494,905/71,7,มิตรภาพ,ในเมือง,เมืองขอนแก่น,ขอนแก่น,40000
500239,1,นาย,ฐิติพงศ์,รุ่งอนันต์,1976-08-09,2014-03-20,2014-04-03,นักบัญชีภาษี,277022,284/25,1,เจริญประดิษฐ์,รูสะมิแล,เมืองปัตตานี,ปัตตานี,94000
500240,2,นาย,รุ่งนภา,วรโชติ,1965-05-10,2018-12-07,2018-12-20,พยาบาลวิชาชีพ,218230,704/17,13,สตูลธานี,พิมาน,เมืองสตูล,สตูล,91000
500241,1,นาย,ไฟซอล,แก้ววิจิตร,1966-09-15,2006-07-15,2006-08-07,นักการตลาดดิจิทัล,42889,723/56,9,สุรนารี,ในเมือง,เมืองนครราชสีมา,นครราชสีมา,30000
500242,5,นาง,อรทัย,โสภณรัตน์,1998-02-09,2005-11-23,2005-11-28,มัณฑนากร,170965,489/28,16,สิงหวัฒน์,ในเมือง,เมืองพิษณุโลก,พิษณุโลก,65000
500243,3,นางสาว,พิมพิมล,อัศวปรีชา,1988-04-16,2019-06-19,2019-06-24,ช่างภาพมืออาชีพ,275248,650/35,14,ดีบุก,ตลาดใหญ่,เมืองภูเก็ต,ภูเก็ต,83000
500244,5,นางสาว,ซัลมา,เอกอนันต์,1980-02-02,2025-01-31,2025-02-10,ที่ปรึกษาการเงิน,180579,69/76,18,โพศรี,หมากแข้ง,เมืองอุดรธานี,อุดรธานี,41000
500245,4,นางสาว,เจตน์,รัตนวิจิตร,1997-08-10,2002-06-19,2002-07-19,ที่ปรึกษาการเงิน,90446,812/82,3,กาญจนวณิชย์,คอหงส์,หาดใหญ่,สงขลา,90110
500246,3,นาย,มณีนุช,สะมะแอ,1989-10-16,2003-09-15,2003-09-26,พยาบาลวิชาชีพ,87279,317/43,15,ระแงะมรรคา,บางนาค,เมืองนราธิวาส,นราธิวาส,96000
500247,2,นางสาว,ฮาซัน,กูโน,1974-04-08,2010-12-30,2011-01-02,เชฟอาหารฝรั่งเศส,25144,342/96,15,สุขุมวิท,เชิงเนิน,เมืองระยอง,ระยอง,21000
500248,2,นาย,ขจรศักดิ์,ปรีดาสกุล,1983-01-05,2013-01-31,2013-02-14,ผู้จัดการโรงแรม,229909,142/77,20,รัชดาภิเษก,สามเสนนอก,ห้วยขวาง,กรุงเทพมหานคร,10310
500249,3,นางสาว,ซูไพดี,แวหะมะ,1982-09-05,2014-11-21,2014-12-03,นักบัญชีภาษี,71097,970/88,14,พัฒนาการ,สวนหลวง,สวนหลวง,กรุงเทพมหานคร,10310
500250,1,นาย,ปวริศ,ดีเลิศ,1997-08-16,2013-01-06,2013-02-03,นักบัญชีภาษี,85185,900/63,16,กาญจนวณิชย์,คอหงส์,หาดใหญ่,สงขลา,90110
500251,5,นาง,ฐิติพงศ์,ปรีดาสกุล,1990-05-14,2017-08-28,2017-09-26,นักบัญชีภาษี,78522,226/87,15,ระแงะมรรคา,บางนาค,เมืองนราธิวาส,นราธิวาส,96000
500252,3,นาย,รุ่งนภา,อารีย์สกุล,1971-09-22,2019-12-18,2020-01-08,เจ้าของฟาร์มออร์แกนิก,154709,573/47,14,มิตรภาพ,ในเมือง,เมืองขอนแก่น,ขอนแก่น,40000
500253,4,นางสาว,อารีฟีน,ศรีสะอาด,2000-10-01,2008-08-18,2008-09-14,นักลงทุนอสังหาฯ,77927,183/10,16,สุขุมวิท,คลองเตยเหนือ,วัฒนา,กรุงเทพมหานคร,10110
500254,5,นาง,ซัลมา,อุดมโชค,1989-02-18,2006-02-26,2006-03-15,ทนายความธุรกิจ,197755,859/96,1,แจ้งวัฒนะ,คลองเกลือ,ปากเกร็ด,นนทบุรี,11120
500255,2,นางสาว,ซูไพดี,ศุภโชค,2000-02-18,2014-03-06,2014-03-25,ช่างภาพมืออาชีพ,115653,146/23,19,ศรีวิชัย,มะขามเตี้ย,เมืองสุราษฎร์ธานี,สุราษฎร์ธานี,84000
500256,4,นาย,อานีซา,พงษ์พาณิชย์,1992-07-02,2006-11-16,2006-11-27,นักวิจัยชีวภาพ,204237,594/70,18,เจริญประดิษฐ์,รูสะมิแล,เมืองปัตตานี,ปัตตานี,94000
500257,2,นาง,รณชัย,เลิศล้ำสกุล,1968-07-20,2015-01-12,2015-02-09,แพทย์ศัลยกรรม,278074,229/60,18,กาญจนวณิชย์,คอหงส์,หาดใหญ่,สงขลา,90110
500258,4,นาย,ชญานิศ,บุญนำพา,1989-02-10,2011-02-19,2011-03-20,ที่ปรึกษาการเงิน,92874,502/25,1,สุขุมวิท,คลองเตยเหนือ,วัฒนา,กรุงเทพมหานคร,10110
500259,2,นางสาว,กิตติพงศ์,ปัญญาวงศ์,1997-06-05,2024-11-20,2024-12-10,วิศวกรซอฟต์แวร์,159582,93/79,11,ดีบุก,ตลาดใหญ่,เมืองภูเก็ต,ภูเก็ต,83000
500260,2,นาง,อรวรรณ,วรโชติ,1984-12-05,2018-01-19,2018-01-24,ผู้จัดการโรงแรม,278731,944/19,19,พัฒนาการ,สวนหลวง,สวนหลวง,กรุงเทพมหานคร,10310
500261,3,นาย,ชินวุฒิ,รักษ์ศิริ,2003-03-14,2018-10-28,2018-11-19,เจ้าของร้านคาเฟ่,41801,827/86,1,มิตรภาพ,ในเมือง,เมืองขอนแก่น,ขอนแก่น,40000
500262,5,นาย,ยูซุฟ,วีรบุรุษ,1998-07-18,2018-10-02,2018-10-08,นักวิจัยชีวภาพ,48845,817/52,17,สิโรรส,สะเตง,เมืองยะลา,ยะลา,95000
500263,3,นาง,อารีฟีน,ศักดิ์ศรี,1966-08-26,2013-08-25,2013-09-19,มัณฑนากร,110448,792/57,1,แจ้งวัฒนะ,คลองเกลือ,ปากเกร็ด,นนทบุรี,11120
500264,3,นาง,กมลเนตร,ศุภโชค,1965-02-16,2011-04-09,2011-04-15,นักการตลาดดิจิทัล,249621,992/99,12,โชตนา,ช้างเผือก,เมืองเชียงใหม่,เชียงใหม่,50200
500265,3,นางสาว,ยูซุฟ,สะมะแอ,1973-06-09,2003-01-27,2003-02-05,นักบัญชีภาษี,136535,486/67,11,กาญจนวณิชย์,คอหงส์,หาดใหญ่,สงขลา,90110
500266,1,นาง,ซูไบดะห์,หัตถกิจ,1988-08-27,2020-12-21,2020-12-23,เจ้าของฟาร์มออร์แกนิก,173877,657/37,7,โพศรี,หมากแข้ง,เมืองอุดรธานี,อุดรธานี,41000
500267,4,นางสาว,พัทธนันท์,มั่นคงบริบูรณ์,1997-07-10,2001-05-08,2001-06-06,นักบินพาณิชย์,41858,48/7,18,ระแงะมรรคา,บางนาค,เมืองนราธิวาส,นราธิวาส,96000
500268,1,นาย,ฟารีส,มานะชัย,1994-12-12,2022-11-14,2022-11-21,ผู้จัดการโรงแรม,153723,558/85,15,ศรีนครินทร์,ปากน้ำ,เมืองสมุทรปราการ,สมุทรปราการ,10270
500269,5,นาง,กมลเนตร,อาลี,1997-01-23,2000-09-07,2000-09-17,มัณฑนากร,21174,27/75,12,สตูลธานี,พิมาน,เมืองสตูล,สตูล,91000
500270,3,นางสาว,ซาบีนะห์,ศิริวัฒน์,1982-04-22,2002-05-22,2002-06-14,ที่ปรึกษาการเงิน,104796,218/8,1,โพศรี,หมากแข้ง,เมืองอุดรธานี,อุดรธานี,41000
500271,4,นางสาว,ซูไบดะห์,พรมบุตร,1974-02-09,2006-07-14,2006-07-22,เจ้าของร้านคาเฟ่,65529,356/72,9,สตูลธานี,พิมาน,เมืองสตูล,สตูล,91000
500272,3,นาง,ไซฟูดีน,ศุภโชค,1986-07-03,2012-03-16,2012-04-08,เจ้าของร้านคาเฟ่,263807,409/20,13,สุรนารี,ในเมือง,เมืองนครราชสีมา,นครราชสีมา,30000
500273,3,นาย,โรฮานา,สุริยา,1967-03-24,2013-09-15,2013-10-05,ทนายความธุรกิจ,181001,626/18,16,สตูลธานี,พิมาน,เมืองสตูล,สตูล,91000
500274,1,นาง,จิรายุ,บารมีกุล,1998-02-27,2013-07-21,2013-08-09,วิศวกรซอฟต์แวร์,61908,255/63,4,เจริญประดิษฐ์,รูสะมิแล,เมืองปัตตานี,ปัตตานี,94000
500275,4,นางสาว,อับดุลเลาะห์,สะมะแอ,1969-04-07,2000-04-05,2000-04-16,มัณฑนากร,154369,668/58,1,สิโรรส,สะเตง,เมืองยะลา,ยะลา,95000
500276,5,นาง,รอกียะห์,จารุกล้า,1989-03-22,2014-02-21,2014-03-19,พยาบาลวิชาชีพ,83715,403/39,8,โพศรี,หมากแข้ง,เมืองอุดรธานี,อุดรธานี,41000
500277,1,นาย,อรทัย,เอื้ออารี,1996-10-18,2005-09-03,2005-10-02,ผู้จัดการโรงแรม,238714,781/36,17,สิงหวัฒน์,ในเมือง,เมืองพิษณุโลก,พิษณุโลก,65000
500278,1,นาย,รอยฮาน,บินซาเล็ม,1974-03-24,2011-05-12,2011-05-24,เจ้าของร้านคาเฟ่,21496,658/47,13,พัฒนาการ,สวนหลวง,สวนหลวง,กรุงเทพมหานคร,10310
500279,5,นาย,ณรงค์,แวหะมะ,1974-05-16,2024-08-21,2024-09-11,ผู้จัดการโรงแรม,238259,461/65,7,อุปราช,ในเมือง,เมืองอุบลราชธานี,อุบลราชธานี,34000
500280,1,นาง,นุรฮายาตี,เกรียงไกรกล้า,1992-05-06,2015-10-15,2015-11-13,นักบัญชีภาษี,181901,166/7,8,สตูลธานี,พิมาน,เมืองสตูล,สตูล,91000
500281,4,นางสาว,รอยฮาน,สิริถาวร,1976-09-04,2010-09-04,2010-10-02,วิศวกรซอฟต์แวร์,200055,51/22,3,แจ้งวัฒนะ,คลองเกลือ,ปากเกร็ด,นนทบุรี,11120
500282,2,นางสาว,เบญจมาศ,วิเศษสุวรรณ,1969-07-17,2005-09-19,2005-10-09,พยาบาลวิชาชีพ,167021,451/59,13,ศรีนครินทร์,ปากน้ำ,เมืองสมุทรปราการ,สมุทรปราการ,10270
500283,5,นาง,อับดุลเลาะห์,ปูเต๊ะ,1994-11-15,2008-09-22,2008-09-28,นักลงทุนอสังหาฯ,127262,23/94,13,เจริญประดิษฐ์,รูสะมิแล,เมืองปัตตานี,ปัตตานี,94000
500284,5,นาย,อนันตยา,วิชิตพงศ์,1981-05-22,2000-07-17,2000-07-27,ยูทูบเบอร์,48502,984/40,9,แจ้งวัฒนะ,คลองเกลือ,ปากเกร็ด,นนทบุรี,11120
500285,2,นาง,ไตรภพ,ลาเตะ,1987-03-09,2007-04-08,2007-04-13,กราฟิกดีไซน์เนอร์,244834,559/61,1,แจ้งวัฒนะ,คลองเกลือ,ปากเกร็ด,นนทบุรี,11120
500286,4,นาง,วรเมธ,เจ๊ะมะ,1995-11-16,2015-04-27,2015-05-02,อาจารย์มหาวิทยาลัย,148422,171/54,16,มิตรภาพ,ในเมือง,เมืองขอนแก่น,ขอนแก่น,40000
500287,3,นาง,อรทัย,สุริยา,1990-12-27,2003-11-03,2003-11-20,นักวิจัยชีวภาพ,222457,533/14,16,รัชดาภิเษก,สามเสนนอก,ห้วยขวาง,กรุงเทพมหานคร,10310
500288,3,นาย,ญาณิศา,เอกอนันต์,1994-07-13,2018-04-08,2018-04-26,ยูทูบเบอร์,244480,722/10,6,กาญจนวณิชย์,คอหงส์,หาดใหญ่,สงขลา,90110
500289,1,นาย,ชัชวาล,ทิพยโชติ,1975-05-11,2024-07-31,2024-08-22,เจ้าของร้านคาเฟ่,69612,269/83,12,สุรนารี,ในเมือง,เมืองนครราชสีมา,นครราชสีมา,30000
500290,1,นาง,ฮานาน,สาและ,1989-05-26,2012-12-13,2012-12-20,อาจารย์มหาวิทยาลัย,76561,974/45,5,เจริญประดิษฐ์,รูสะมิแล,เมืองปัตตานี,ปัตตานี,94000
500291,2,นาง,สุภาภรณ์,วรานันท์,2000-10-26,2018-01-31,2018-02-04,นักการตลาดดิจิทัล,158096,894/72,7,มิตรภาพ,ในเมือง,เมืองขอนแก่น,ขอนแก่น,40000
500292,5,นาย,รุสดี,หะยีสาและ,1971-12-09,2016-11-21,2016-12-09,พยาบาลวิชาชีพ,223211,873/11,3,กาญจนวณิชย์,คอหงส์,หาดใหญ่,สงขลา,90110
500293,4,นาง,กิตติพงศ์,ดีเลิศ,2002-02-16,2008-07-15,2008-07-18,พยาบาลวิชาชีพ,101864,224/7,12,สตูลธานี,พิมาน,เมืองสตูล,สตูล,91000
500294,3,นางสาว,กฤติน,บารมีกุล,1970-05-16,2022-08-06,2022-08-28,ทนายความธุรกิจ,76565,145/17,18,สิโรรส,สะเตง,เมืองยะลา,ยะลา,95000
500295,1,นาง,กิตติพงศ์,ยะโกะ,1968-01-27,2012-02-12,2012-03-01,เจ้าของฟาร์มออร์แกนิก,138380,298/64,12,เจริญประดิษฐ์,รูสะมิแล,เมืองปัตตานี,ปัตตานี,94000
500296,3,นางสาว,เอกลักษณ์,สุวรรณดี,1972-11-15,2012-11-01,2012-11-08,ทนายความธุรกิจ,123725,492/31,19,เลียบชายหาด,หนองปรือ,บางละมุง,ชลบุรี,20150
500297,2,นางสาว,ซาบีนะห์,อารีย์สกุล,1985-12-17,2014-06-05,2014-06-29,ครู,73131,279/13,17,รัชดาภิเษก,สามเสนนอก,ห้วยขวาง,กรุงเทพมหานคร,10310
500298,2,นาย,เจตน์,มหาดำรงค์,1966-11-19,2005-03-29,2005-04-22,นักการตลาดดิจิทัล,149292,310/56,10,สิงหวัฒน์,ในเมือง,เมืองพิษณุโลก,พิษณุโลก,65000
500299,2,นาง,จิรายุ,เกรียงไกรกล้า,1990-08-07,2008-05-04,2008-06-01,นักบัญชีภาษี,163155,817/51,16,สตูลธานี,พิมาน,เมืองสตูล,สตูล,91000
500300,2,นาย,เอกลักษณ์,ลาเตะ,1990-02-26,2003-01-03,2003-01-17,นักบัญชีภาษี,163070,595/32,12,เลียบชายหาด,หนองปรือ,บางละมุง,ชลบุรี,20150
